LEUCINE_TRNA_LIGASE_RXN_c	0.65 ATP_c + LEU_c + LEU_tRNAs_c + PROTON_c + 0.35 aATP_c --> AMP_c + Charged_LEU_tRNAs_c + 0.65 PPI_c + 0.35 aPPI_c	-0.06658884330147194	c
TRP_TRNA_LIGASE_RXN_c	0.65 ATP_c + TRP_c + TRP_tRNAs_c + 0.35 aATP_c --> AMP_c + Charged_TRP_tRNAs_c + 0.65 PPI_c + PROTON_c + 0.35 aPPI_c	-0.0006437177200902414	c
THREONINE_TRNA_LIGASE_RXN_c	0.65 ATP_c + PROTON_c + THR_c + THR_tRNAs_c + 0.35 aATP_c --> AMP_c + Charged_THR_tRNAs_c + 0.65 PPI_c + 0.35 aPPI_c	-0.08310305988746913	c
IPP_biosynthesis_c	3.0 ACETYL_COA_c + 1.95 ATP_c + 2.0 NADPH_c + 1.26 PROTON_c + WATER_c + 1.05 aATP_c --> 1.5 ADP_c + CARBON_DIOXIDE_c + 3.0 CO_A_c + 0.49 DELTA3_ISOPENTENYL_PP_c + 2.0 NADP_c + 0.7 Pi_c + 1.5 aADP_c + 0.51 aDELTA3_ISOPENTENYL_PP_c + 0.3 aPi_c	-0.0	c
ASPARTATE_TRNA_LIGASE_RXN_c	ASP_tRNAs_c + 0.65 ATP_c + L_ASPARTATE_c + PROTON_c + 0.35 aATP_c --> AMP_c + Charged_ASP_tRNAs_c + 0.65 PPI_c + 0.35 aPPI_c	-0.07606668121291377	c
GLUTKIN_RXN_c	0.65 ATP_c + GLT_c + 0.35 aATP_c --> 0.5 ADP_c + 0.91 L_GLUTAMATE_5_P_c + 0.76 PROTON_c + 0.5 aADP_c + 0.09 aL_GLUTAMATE_5_P_c	-0.05275257992481219	c
FRUCTOKINASE_RXN_c	0.65 ATP_c + FRU_c + 0.35 aATP_c --> 0.5 ADP_c + FRUCTOSE_6P_c + 0.85 PROTON_c + 0.5 aADP_c	-0.0	c
ALANINE_TRNA_LIGASE_RXN_c	ALA_tRNAs_c + 0.65 ATP_c + L_ALPHA_ALANINE_c + PROTON_c + 0.35 aATP_c --> AMP_c + Charged_ALA_tRNAs_c + 0.65 PPI_c + 0.35 aPPI_c	-0.08259786554173995	c
S_ADENMETSYN_RXN_c	0.65 ATP_c + MET_c + WATER_c + 0.35 aATP_c --> 0.65 PPI_c + 0.7 PROTON_c + 0.7 Pi_c + S_ADENOSYLMETHIONINE_c + 0.35 aPPI_c + 0.3 aPi_c	-0.0	c
ASNSYNA_RXN_c	AMMONIUM_c + 0.65 ATP_c + L_ASPARTATE_c + 0.35 aATP_c --> AMP_c + ASN_c + 0.65 PPI_c + PROTON_c + 0.35 aPPI_c	-0.003942111249142333	c
GLUCOKIN_RXN_c	0.65 ATP_c + GLC_c + 0.35 aATP_c --> 0.5 ADP_c + GLC_6_P_c + 0.85 PROTON_c + 0.5 aADP_c	-0.0	c
ISOLEUCINE_TRNA_LIGASE_RXN_c	0.65 ATP_c + ILE_c + ILE_tRNAs_c + PROTON_c + 0.35 aATP_c --> AMP_c + Charged_ILE_tRNAs_c + 0.65 PPI_c + 0.35 aPPI_c	-0.03823252942649806	c
LYSINE_TRNA_LIGASE_RXN_c	0.65 ATP_c + LYS_c + LYS_tRNAs_c + PROTON_c + 0.35 aATP_c --> AMP_c + Charged_LYS_tRNAs_c + 0.65 PPI_c + 0.35 aPPI_c	-0.4946948273017582	c
GLURS_RXN_c	0.65 ATP_c + GLT_c + GLT_tRNAs_c + PROTON_c + 0.35 aATP_c --> AMP_c + Charged_GLT_tRNAs_c + 0.65 PPI_c + 0.35 aPPI_c	-0.07682343293269359	c
VALINE_TRNA_LIGASE_RXN_c	0.65 ATP_c + PROTON_c + VAL_c + VAL_tRNAs_c + 0.35 aATP_c --> AMP_c + Charged_VAL_tRNAs_c + 0.65 PPI_c + 0.35 aPPI_c	-0.05819907855962853	c
HISTIDINE_TRNA_LIGASE_RXN_c	0.65 ATP_c + HIS_c + HIS_tRNAs_c + PROTON_c + 0.35 aATP_c --> AMP_c + Charged_HIS_tRNAs_c + 0.65 PPI_c + 0.35 aPPI_c	-0.0	c
GLUTAMINESYN_RXN_c	AMMONIUM_c + 0.65 ATP_c + GLT_c + 0.35 aATP_c --> 0.5 ADP_c + GLN_c + 0.55 PROTON_c + 0.7 Pi_c + 0.5 aADP_c + 0.3 aPi_c	-0.0	c
PHENYLALANINE_TRNA_LIGASE_RXN_c	0.65 ATP_c + PHE_c + PHE_tRNAs_c + PROTON_c + 0.35 aATP_c --> AMP_c + Charged_PHE_tRNAs_c + 0.65 PPI_c + 0.35 aPPI_c	-0.048292762902711305	c
Protein_Translocation_c	0.93925 ATP_c + 1.445 WATER_c + 0.50575 aATP_c --> 0.7225 ADP_c + 0.79475 PROTON_c + 1.0115 Pi_c + Protein_tranlocation_cost_c + 0.7225 aADP_c + 0.4335 aPi_c	-3.2181786654066133	c
ADENYL_KIN_RXN_c	AMP_c + 0.65 ATP_c + 0.65 PROTON_c + 0.35 aATP_c <=> ADP_c + aADP_c	-0.0	c
GLYCINE_TRNA_LIGASE_RXN_c	0.65 ATP_c + GLY_c + GLY_tRNAs_c + PROTON_c + 0.35 aATP_c --> AMP_c + Charged_GLY_tRNAs_c + 0.65 PPI_c + 0.35 aPPI_c	-0.08080924185837855	c
ATP_CITRATE_PRO_S_LYASE_RXN_c	0.65 ATP_c + CIT_c + CO_A_c + 0.45 PROTON_c + 0.35 aATP_c --> ACETYL_COA_c + 0.5 ADP_c + OXALACETIC_ACID_c + 0.7 Pi_c + 0.5 aADP_c + 0.3 aPi_c	-0.007956363293469009	c
SERINE_TRNA_LIGASE_RXN_c	0.65 ATP_c + PROTON_c + SER_c + SER_tRNAs_c + 0.35 aATP_c --> AMP_c + Charged_SER_tRNAs_c + 0.65 PPI_c + 0.35 aPPI_c	-0.06380409108559797	c
GLUCURONOKINASE_RXN_c	0.65 ATP_c + GLUCURONATE_c + 0.35 aATP_c --> 0.5 ADP_c + CPD_510_c + 0.85 PROTON_c + 0.5 aADP_c	-0.0	c
ETHANOLAMINE_KINASE_RXN_c	0.65 ATP_c + ETHANOL_AMINE_c + 0.35 aATP_c --> 0.5 ADP_c + 0.87 PHOSPHORYL_ETHANOLAMINE_c + 0.72 PROTON_c + 0.5 aADP_c + 0.13 aPHOSPHORYL_ETHANOLAMINE_c	-0.0	c
HEXOKINASE_RXN_MANNOSE_c	0.65 ATP_c + MANNOSE_c + 0.35 aATP_c --> 0.5 ADP_c + MANNOSE_6P_c + 1.15 PROTON_c + 0.5 aADP_c	-0.0	c
PHOSGLYPHOS_RXN_c	0.65 ATP_c + G3P_c + 0.15 PROTON_c + 0.35 aATP_c <=> 0.5 ADP_c + DPG_c + 0.5 aADP_c	-0.0	c
TYROSINE_TRNA_LIGASE_RXN_c	0.65 ATP_c + PROTON_c + TYR_c + TYR_tRNAs_c + 0.35 aATP_c --> AMP_c + Charged_TYR_tRNAs_c + 0.65 PPI_c + 0.35 aPPI_c	-0.05859106117682891	c
4_COUMARATE_COA_LIGASE_RXN_c	0.65 ATP_c + COUMARATE_c + CO_A_c + 0.35 aATP_c --> AMP_c + 0.65 PPI_c + P_COUMAROYL_COA_c + 0.35 aPPI_c	-0.0	c
GDPKIN_RXN_c	0.65 ATP_c + 0.5 GDP_c + 0.35 aATP_c + 0.5 aGDP_c <=> 0.5 ADP_c + 0.65 GTP_c + 0.5 aADP_c + 0.35 aGTP_c	-4.4542265265143435	c
ASPARAGINE_TRNA_LIGASE_RXN_c	ASN_c + ASN_tRNAs_c + 0.65 ATP_c + PROTON_c + 0.35 aATP_c --> AMP_c + Charged_ASN_tRNAs_c + 0.65 PPI_c + 0.35 aPPI_c	-0.003942111249142334	c
PROTON_ATPase_c	0.65 ATP_c + 0.45 PROTON_c + WATER_c + 0.35 aATP_c --> 0.5 ADP_c + PROTON_e + 0.7 Pi_c + 0.5 aADP_c + 0.3 aPi_c	-0.0	c
Protein_Processing_c	0.1989 ATP_c + 0.306 WATER_c + 0.1071 aATP_c --> 0.153 ADP_c + 0.1683 PROTON_c + 0.2142 Pi_c + Protein_processing_cost_c + 0.153 aADP_c + 0.0918 aPi_c	-0.6814966585566945	c
METHIONINE_TRNA_LIGASE_RXN_c	0.65 ATP_c + MET_c + MET_tRNAs_c + PROTON_c + 0.35 aATP_c --> AMP_c + Charged_MET_tRNAs_c + 0.65 PPI_c + 0.35 aPPI_c	-0.03713634620651525	c
NADH_KINASE_RXN_c	0.65 ATP_c + NADH_c + 0.35 aATP_c --> 0.5 ADP_c + NADPH_c + 0.85 PROTON_c + 0.5 aADP_c	-0.0	c
PROTONATP_rev_vc	0.65 ATP_c + 1.45 PROTON_c + WATER_c + 0.35 aATP_c --> 0.5 ADP_c + 2.0 PROTON_v + 0.7 Pi_c + 0.5 aADP_c + 0.3 aPi_c	-0.0	c
GMP_SYN_GLUT_RXN_c	0.65 ATP_c + GLN_c + WATER_c + 0.93 XANTHOSINE_5_PHOSPHATE_c + 0.35 aATP_c + 0.07 aXANTHOSINE_5_PHOSPHATE_c --> AMP_c + GLT_c + 0.75 GMP_c + 0.65 PPI_c + 1.2 PROTON_c + 0.06 aGMP_c + 0.35 aPPI_c + 0.19 bGMP_c	-0.0	c
PRO_TRNA_LIGASE_RXN_c	0.65 ATP_c + PRO_c + PRO_tRNAs_c + 0.35 aATP_c --> AMP_c + Charged_PRO_tRNAs_c + 0.65 PPI_c + PROTON_c + 0.35 aPPI_c	-0.0527516685342867	c
CYS_TRNA_LIGASE_RXN_c	0.65 ATP_c + CYS_c + CYS_tRNAs_c + 0.35 aATP_c --> AMP_c + Charged_CYS_tRNAs_c + 0.65 PPI_c + PROTON_c + 0.35 aPPI_c	-0.007952996275794273	c
ARGININE_TRNA_LIGASE_RXN_c	ARG_c + ARG_tRNAs_c + 0.65 ATP_c + PROTON_c + 0.35 aATP_c --> AMP_c + Charged_ARG_tRNAs_c + 0.65 PPI_c + 0.35 aPPI_c	-0.0	c
FattyAcid_biomass	AMP_c + FattyAcid_b + 0.65 PPI_c + 0.35 aPPI_c <-- 0.65 ATP_c + PALMITATE_c + WATER_c + 0.35 aATP_c	0.0	c
ADENOSINE_KINASE_RXN_c	ADENOSINE_c + 0.65 ATP_c + 0.35 aATP_c --> 0.5 ADP_c + AMP_c + 0.85 PROTON_c + 0.5 aADP_c	2.1702959977855228e-15	c
GUANYL_KIN_RXN_c	0.65 ATP_c + 0.75 GMP_c + 0.78 PROTON_c + 0.35 aATP_c + 0.06 aGMP_c + 0.19 bGMP_c --> 0.5 ADP_c + 0.5 GDP_c + 0.5 aADP_c + 0.5 aGDP_c	-0.0	c
6_PERIOD_2_PERIOD_1_PERIOD_34_RXN_c	0.65 ATP_c + CO_A_c + FERULIC_ACID_c + 0.35 aATP_c --> AMP_c + FERULOYL_COA_c + 0.65 PPI_c + 0.35 aPPI_c	-0.0	c
PYRUVATEORTHOPHOSPHATE_DIKINASE_RXN_c	0.65 ATP_c + PYRUVATE_c + 0.7 Pi_c + 0.35 aATP_c + 0.3 aPi_c --> AMP_c + PHOSPHO_ENOL_PYRUVATE_c + 0.65 PPI_c + 1.3 PROTON_c + 0.35 aPPI_c	-0.0	c
GLUTAMINE_TRNA_LIGASE_RXN_c	0.65 ATP_c + GLN_c + GLN_tRNAs_c + PROTON_c + 0.35 aATP_c --> AMP_c + Charged_GLN_tRNAs_c + 0.65 PPI_c + 0.35 aPPI_c	-0.8968829480836538	c
PEPCARBOXYKIN_RXN_c	0.65 ATP_c + OXALACETIC_ACID_c + 0.15 PROTON_c + 0.35 aATP_c --> 0.5 ADP_c + CARBON_DIOXIDE_c + PHOSPHO_ENOL_PYRUVATE_c + 0.5 aADP_c	-0.0	c
DTDPKIN_RXN_c	0.65 ATP_c + 0.49 DTDP_c + 0.15 PROTON_c + 0.35 aATP_c + 0.51 aDTDP_c --> 0.5 ADP_c + 0.49 DTTP_c + 0.5 aADP_c + 0.51 aDTTP_c	-0.0	c
ATPase_tx	0.65 ATP_c + WATER_c + 0.35 aATP_c --> 0.5 ADP_c + 0.55 PROTON_c + 0.7 Pi_c + 0.5 aADP_c + 0.3 aPi_c	-7.685099999999999	c
PEPDEPHOS_RXN_c	0.5 ADP_c + PHOSPHO_ENOL_PYRUVATE_c + 0.85 PROTON_c + 0.5 aADP_c --> 0.65 ATP_c + PYRUVATE_c + 0.35 aATP_c	1.6043763431633224	c
UDPKIN_RXN_c	0.65 ATP_c + 0.15 PROTON_c + 0.5 UDP_c + 0.35 aATP_c + 0.5 aUDP_c <=> 0.5 ADP_c + 0.5 UTP_c + 0.5 aADP_c + 0.5 aUTP_c	-0.07977227065403944	c
6PFRUCTPHOS_RXN_c	0.65 ATP_c + FRUCTOSE_6P_c + 0.35 aATP_c --> 0.5 ADP_c + FRUCTOSE_16_DIPHOSPHATE_c + 0.85 PROTON_c + 0.5 aADP_c	-0.0	c
DTMPKI_RXN_c	0.65 ATP_c + DTMP_c + 0.66 PROTON_c + 0.35 aATP_c --> 0.5 ADP_c + 0.49 DTDP_c + 0.5 aADP_c + 0.51 aDTDP_c	-0.0	c
CTPSYN_RXN_p	0.9 ATP_p + GLN_p + 0.18 UTP_p + WATER_p + 0.1 aATP_p + 0.82 aUTP_p --> 0.8 ADP_p + 0.79 CTP_p + GLT_p + 3.51 PROTON_p + Pi_p + 0.2 aADP_p + 0.21 aCTP_p	-0.0	p
UDPKIN_RXN_p	0.9 ATP_p + 1.73 PROTON_p + 0.81 UDP_p + 0.1 aATP_p + 0.19 aUDP_p <=> 0.8 ADP_p + 0.18 UTP_p + 0.2 aADP_p + 0.82 aUTP_p	-0.0	p
DCDPKIN_RXN_p	0.9 ATP_p + 0.79 DCDP_p + 0.1 PROTON_p + 0.1 aATP_p + 0.21 aDCDP_p --> 0.8 ADP_p + 0.79 DCTP_p + 0.2 aADP_p + 0.21 aDCTP_p	-0.0	p
RXN_13202_p	AMMONIUM_p + 1.8 ATP_p + CARBON_DIOXIDE_p + WATER_p + 0.2 aATP_p --> 1.6 ADP_p + CARBAMOYL_P_p + 2.8 PROTON_p + Pi_p + 0.4 aADP_p	-0.0	p
AIRS_RXN_p	0.8 5_PHOSPHORIBOSYL_N_FORMYLGLYCINEAMIDINE_p + 0.9 ATP_p + 0.2 a5_PHOSPHORIBOSYL_N_FORMYLGLYCINEAMIDINE_p + 0.1 aATP_p --> 0.54 5_PHOSPHORIBOSYL_5_AMINOIMIDAZOLE_p + 0.8 ADP_p + 0.64 PROTON_p + Pi_p + 0.46 a5_PHOSPHORIBOSYL_5_AMINOIMIDAZOLE_p + 0.2 aADP_p	-0.0	p
HOMOSERKIN_RXN_p	0.9 ATP_p + HOMO_SER_p + 0.1 aATP_p --> 0.8 ADP_p + O_PHOSPHO_L_HOMOSERINE_p + 0.9 PROTON_p + 0.2 aADP_p	-0.15847445966956736	p
DGDPKIN_RXN_p	0.9 ATP_p + 0.5 DGDP_p + 0.1 PROTON_p + 0.1 aATP_p + 0.1 aDGDP_p + 0.4 bDGDP_p --> 0.8 ADP_p + 0.5 DGTP_p + 0.2 aADP_p + 0.1 aDGTP_p + 0.4 bDGTP_p	-0.0	p
CDPKIN_RXN_p	0.8 ADP_p + 0.79 CTP_p + 0.2 aADP_p + 0.21 aCTP_p <=> 0.9 ATP_p + 0.79 CDP_p + 0.1 PROTON_p + 0.1 aATP_p + 0.21 aCDP_p	0.0	p
DUDPKIN_RXN_p	0.9 ATP_p + 0.81 DUDP_p + 0.1 PROTON_p + 0.1 aATP_p + 0.19 aDUDP_p --> 0.8 ADP_p + 0.81 DUTP_p + 0.2 aADP_p + 0.19 aDUTP_p	-0.0	p
SHIKIMATE_KINASE_RXN_p	0.9 ATP_p + SHIKIMATE_p + 0.1 aATP_p --> 0.8 ADP_p + 0.9 PROTON_p + SHIKIMATE_5P_p + 0.2 aADP_p	-0.10752921591862628	p
ATPPHOSPHORIBOSYLTRANS_RXN_p	0.9 ATP_p + 0.8 PRPP_p + 0.1 aATP_p + 0.2 aPRPP_p --> PHOSPHORIBOSYL_ATP_p + 0.55 PPI_p + 0.75 PROTON_p + 0.45 bPPI_p	-0.0	p
ACETATE_COA_LIGASE_RXN_p	ACET_p + 0.9 ATP_p + CO_A_p + 0.1 aATP_p --> ACETYL_COA_p + AMP_p + 0.55 PPI_p + 0.55 PROTON_p + 0.45 bPPI_p	-0.0	p
SULFATE_ADENYLYLTRANS_RXN_p	0.9 ATP_p + 0.45 PROTON_p + SULFATE_p + 0.1 aATP_p --> APS_p + 0.55 PPI_p + 0.45 bPPI_p	-0.04509335458228264	p
PRPPSYN_RXN_p	0.9 ATP_p + RIBOSE_5P_p + 0.1 aATP_p --> AMP_p + 0.9 PROTON_p + 0.8 PRPP_p + 0.2 aPRPP_p	-0.0006437177200902415	p
DADPKIN_RXN_p	0.9 ATP_p + 0.79 DADP_p + 0.1 PROTON_p + 0.1 aATP_p + 0.21 aDADP_p --> 0.8 ADP_p + 0.79 DATP_p + 0.2 aADP_p + 0.21 aDATP_p	-0.0	p
RXN_11832_p	0.9 ATP_p + CMP_p + 0.31 PROTON_c + 0.1 aATP_p --> 0.8 ADP_p + 0.79 CDP_p + 0.2 aADP_p + 0.21 aCDP_p	-0.0	p
FGAMSYN_RXN_p	5_P_RIBOSYL_N_FORMYLGLYCINEAMIDE_p + 0.9 ATP_p + GLN_p + WATER_p + 0.1 aATP_p --> 0.8 5_PHOSPHORIBOSYL_N_FORMYLGLYCINEAMIDINE_p + 0.8 ADP_p + GLT_p + 1.7 PROTON_p + Pi_p + 0.2 a5_PHOSPHORIBOSYL_N_FORMYLGLYCINEAMIDINE_p + 0.2 aADP_p	-0.0	p
SAICARSYN_RXN_p	0.9 ATP_p + L_ASPARTATE_p + 0.88 PHOSPHORIBOSYL_CARBOXY_AMINOIMIDAZOLE_p + 0.1 aATP_p + 0.12 aPHOSPHORIBOSYL_CARBOXY_AMINOIMIDAZOLE_p --> 0.8 ADP_p + 1.02 PROTON_p + P_RIBOSYL_4_SUCCCARB_AMINOIMIDAZOLE_p + Pi_p + 0.2 aADP_p	-0.0	p
GLUTAMINESYN_RXN_p	AMMONIUM_p + 0.9 ATP_p + GLT_p + 0.1 aATP_p --> 0.8 ADP_p + GLN_p + 0.9 PROTON_p + Pi_p + 0.2 aADP_p	-8.514314945017182	p
GLUCOKIN_RXN_p	0.9 ATP_p + GLC_p + 0.1 aATP_p --> 0.8 ADP_p + GLC_6_P_p + 0.9 PROTON_p + 0.2 aADP_p	-0.0	p
GLYRIBONUCSYN_RXN_p	0.5 5_P_BETA_D_RIBOSYL_AMINE_p + 0.9 ATP_p + GLY_p + 0.18 PROTON_p + 0.5 a5_P_BETA_D_RIBOSYL_AMINE_p + 0.1 aATP_p --> 0.42 5_PHOSPHO_RIBOSYL_GLYCINEAMIDE_p + 0.8 ADP_p + Pi_p + 0.58 a5_PHOSPHO_RIBOSYL_GLYCINEAMIDE_p + 0.2 aADP_p	-0.0	p
PHOSPHORIBULOKINASE_RXN_p	0.9 ATP_p + RIBULOSE_5P_p + 0.1 aATP_p --> 0.8 ADP_p + D_RIBULOSE_15_P2_p + 0.9 PROTON_p + 0.2 aADP_p	-0.0	p
Plastidial_ATP_Synthase_p	2.4 ADP_p + 14.0 PROTON_l + 3.0 Pi_p + 0.6 aADP_p --> 2.7 ATP_p + 11.3 PROTON_p + 3.0 WATER_p + 0.3 aATP_p	0.0	p
GUANYL_KIN_RXN_p	0.9 ATP_p + 0.5 GMP_p + 1.4 PROTON_c + 0.1 aATP_p + 0.5 bGMP_p --> 0.8 ADP_p + 0.2 GDP_p + 0.2 aADP_p + 0.8 aGDP_p	-0.0	p
RXN_12002_p	0.9 ATP_p + 0.29 PROTON_p + UMP_p + 0.1 aATP_p --> 0.8 ADP_p + 0.81 UDP_p + 0.2 aADP_p + 0.19 aUDP_p	-0.0	p
ADENYL_KIN_RXN_p	AMP_p + 0.9 ATP_p + 0.3 PROTON_p + 0.1 aATP_p <=> 1.6 ADP_p + 0.4 aADP_p	-0.0457370723023733	p
ATP_source_from_ODE	0.8 ADP_p + 0.9 PROTON_p + Pi_p + 0.2 aADP_p --> 0.9 ATP_p + WATER_p + 0.1 aATP_p	4.176	p
HMBPP_synthesis_p	0.9 ATP_p + 0.79 CTP_p + GAP_p + NADPH_p + 2.65 PROTON_p + PYRUVATE_p + 2.0 Reduced_ferredoxins_p + 0.1 aATP_p + 0.21 aCTP_p --> 0.8 ADP_p + CARBON_DIOXIDE_p + CMP_p + 0.79 HYDROXY_METHYL_BUTENYL_DIP_p + NADP_p + 2.0 Oxidized_ferredoxins_p + 0.55 PPI_p + WATER_p + 0.2 aADP_p + 0.21 aHYDROXY_METHYL_BUTENYL_DIP_p + 0.45 bPPI_p	-0.0	p
PYRUVATEORTHOPHOSPHATE_DIKINASE_RXN_p	0.9 ATP_p + PYRUVATE_p + Pi_p + 0.1 aATP_p --> AMP_p + PHOSPHO_ENOL_PYRUVATE_p + 0.55 PPI_p + 1.55 PROTON_p + 0.45 bPPI_p	-0.0	p
RXN_9623_p	0.9 ATP_p + CO_A_p + Fatty_Acids_p + 3.45 PROTON_p + 0.1 aATP_p --> AMP_p + Long_Chain_Acyl_CoAs_p + 0.55 PPI_p + 0.45 bPPI_p	-0.0	p
FORMATETHFLIG_RXN_p	0.9 ATP_p + FORMATE_p + 0.4 PROTON_p + THF_p + 0.1 aATP_p --> 10_FORMYL_THF_p + 0.8 ADP_p + 0.7 Pi_c + 0.2 aADP_p + 0.3 aPi_c	2.7475898661304552e-15	p
GLUC1PADENYLTRANS_RXN_p	0.9 ATP_p + GLC_1_P_p + 0.45 PROTON_p + 0.1 aATP_p --> ADP_D_GLUCOSE_p + 0.55 PPI_p + 0.45 bPPI_p	-0.07398891294112094	p
ACETYL_COA_CARBOXYLTRANSFER_RXN_p	ACETYL_COA_p + 0.9 ATP_p + HCO3_p + 0.1 aATP_p --> 0.8 ADP_p + MALONYL_COA_p + 0.9 PROTON_p + Pi_p + 0.2 aADP_p	-4.2711874022374035e-06	p
6PFRUCTPHOS_RXN_p	0.9 ATP_p + FRUCTOSE_6P_p + 0.1 aATP_p --> 0.8 ADP_p + FRUCTOSE_16_DIPHOSPHATE_p + 0.9 PROTON_p + 0.2 aADP_p	-0.0	p
ASPARTATEKIN_RXN_p	0.9 ATP_p + L_ASPARTATE_p + 0.1 PROTON_p + 0.1 aATP_p --> 0.8 ADP_p + L_BETA_ASPARTYL_P_p + 0.2 aADP_p	-0.9150195748652186	p
CARBAMATE_KINASE_RXN_p	AMMONIUM_p + 0.9 ATP_p + CARBON_DIOXIDE_p + 0.1 aATP_p <=> 0.8 ADP_p + CARBAMOYL_P_p + 1.9 PROTON_p + 0.2 aADP_p	-0.0	p
GDPKIN_RXN_p	0.9 ATP_p + 0.2 GDP_p + 0.1 aATP_p + 0.8 aGDP_p <=> 0.8 ADP_p + 0.9 GTP_p + 0.6 PROTON_p + 0.2 aADP_p + 0.1 aGTP_p	-0.0	p
6_PERIOD_2_PERIOD_1_PERIOD_34_RXN_p	0.9 ATP_p + CO_A_p + FERULIC_ACID_p + 0.1 aATP_p --> AMP_p + FERULOYL_COA_p + 0.55 PPI_p + 0.45 bPPI_p	-0.0	p
GLY3KIN_RXN_p	0.9 ATP_p + GLYCERATE_p + 0.1 aATP_p --> 0.8 ADP_p + G3P_p + 0.9 PROTON_p + 0.2 aADP_p	-0.0	p
PHOSGLYPHOS_RXN_p	0.9 ATP_p + G3P_p + 0.1 PROTON_p + 0.1 aATP_p <=> 0.8 ADP_p + DPG_p + 0.2 aADP_p	4.570047896208315	p
ARGSUCCINSYN_RXN_p	0.9 ATP_p + L_ASPARTATE_p + L_CITRULLINE_p + 0.1 aATP_p --> AMP_p + L_ARGININO_SUCCINATE_p + 0.55 PPI_p + 1.55 PROTON_p + 0.45 bPPI_p	-0.0	p
PEPDEPHOS_RXN_p	0.8 ADP_p + PHOSPHO_ENOL_PYRUVATE_p + 0.9 PROTON_p + 0.2 aADP_p --> 0.9 ATP_p + PYRUVATE_p + 0.1 aATP_p	1.110311482245437	p
ACETYLGLUTKIN_RXN_p	ACETYL_GLU_p + 0.9 ATP_p + 0.1 PROTON_p + 0.1 aATP_p --> 0.8 ADP_p + N_ACETYL_GLUTAMYL_P_p + 0.2 aADP_p	-0.0	p
CDPKIN_RXN_m	0.9 ATP_m + 0.79 CDP_m + 0.1 PROTON_m + 0.1 aATP_m + 0.21 aCDP_m --> 0.8 ADP_m + 0.79 CTP_m + 0.2 aADP_m + 0.21 aCTP_m	-0.0	m
Mitochondrial_ATP_Synthase_m	2.4 ADP_m + 10.0 PROTON_i + 3.0 Pi_m + 0.6 aADP_m --> 2.7 ATP_m + 7.3 PROTON_m + 3.0 WATER_m + 0.3 aATP_m	17.905022112739076	m
METHYLCROTONYL_COA_CARBOXYLASE_RXN_m	3_METHYL_CROTONYL_COA_m + 0.9 ATP_m + HCO3_m + 0.1 aATP_m --> 0.8 ADP_m + 0.9 PROTON_m + Pi_m + TRANS_3_METHYL_GLUTACONYL_COA_m + 0.2 aADP_m	-0.0	m
ADENYL_KIN_RXN_m	AMP_m + 0.9 ATP_m + 0.3 PROTON_m + 0.1 aATP_m <=> 1.6 ADP_m + 0.4 aADP_m	-2.2761487290885944	m
GLUTAMINESYN_RXN_m	AMMONIUM_m + 0.9 ATP_m + GLT_m + 0.1 aATP_m --> 0.8 ADP_m + GLN_m + 0.9 PROTON_m + Pi_m + 0.2 aADP_m	-0.0	m
SUCCCOASYN_RXN_m	0.8 ADP_m + Pi_m + SUC_COA_m + 0.2 aADP_m --> 0.9 ATP_m + CO_A_m + 0.1 PROTON_m + SUC_m + 0.1 aATP_m	1.2268282123748673	m
RXN_11832_m	0.9 ATP_m + CMP_m + 0.31 PROTON_m + 0.1 aATP_m --> 0.8 ADP_m + 0.79 CDP_m + 0.2 aADP_m + 0.21 aCDP_m	-0.0	m
GDPKIN_RXN_m	0.9 ATP_m + 0.2 GDP_m + 0.1 aATP_m + 0.8 aGDP_m <=> 0.8 ADP_m + 0.9 GTP_m + 0.6 PROTON_m + 0.2 aADP_m + 0.1 aGTP_m	-0.0	m
ACETATE_COA_LIGASE_RXN_x	ACET_x + 0.65 ATP_x + CO_A_x + 0.35 aATP_x --> ACETYL_COA_x + AMP_x + 0.65 PPI_x + 0.35 aPPI_x	-0.04509335458228262	x
Beta_Oxidation_x	0.65 ATP_x + 8.0 CO_A_x + 7.0 NAD_x + 7.0 OXYGEN_MOLECULE_x + PALMITATE_x + 7.0 WATER_x + 0.35 aATP_x --> 8.0 ACETYL_COA_x + AMP_x + 7.0 HYDROGEN_PEROXIDE_x + 7.0 NADH_x + 0.65 PPI_x + 7.0 PROTON_x + 0.35 aPPI_x	-0.0	x
A_B_oxidation_x	2_KETOGLUTARATE_x + 1.3 ATP_x + 7.0 CO_A_x + CPD_14927_x + NADPH_x + 7.0 NAD_x + 7.0 OXYGEN_MOLECULE_x + 8.0 WATER_x + 0.7 aATP_x --> 3.0 ACETYL_COA_x + 2.0 AMP_x + 2.0 CARBON_DIOXIDE_x + 6.0 HYDROGEN_PEROXIDE_x + ISOBUTYRYL_COA_x + 7.0 NADH_x + NADP_x + 1.3 PPI_x + 3.0 PROPIONYL_COA_x + 7.0 PROTON_x + SUC_x + 0.7 aPPI_x	-0.0	x
